INSERT INTO BRAND (Id, Name, Country) VALUES
(1, 'Pepsi', 'USA'),
(2, 'Coca Cola', 'USA'),
(3, 'Bud', 'USA'),
(4, 'Bordeaux', 'France'),
(5, 'Essentuki', 'Russia'),
(6, 'Lada', 'Russia'),
(7, 'Chevrolet', 'USA'),
(8, 'Toyota', 'Japan'),
(9, 'Nisan', 'Japan'),
(10, 'JVC', 'Japan');

INSERT INTO CATEGORY (Id, Name) VALUES
(1, 'Drinks'),
(2, 'Alcohol'),
(3, 'Sparkling'),
(4, 'Cars'),
(5, '4x4'),
(6, 'Other');

INSERT INTO Product (Id, BRANDID, IsFeatured, ItemsInStock, Name, Rating, ExpirationDate) VALUES
(1, 4, 0, 0, 'La Vieille Ferme Rouge', 5, NULL),
(2, 4, 0, 0, 'J.P. Chenet Pays D''Oc Cabernet - Syrah', 4, NULL),
(3, 5, 0, 0, 'Essentuki 4', 4, NULL),
(4, 5, 0, 0, 'Essentuki 17', 4, NULL),
(5, 2, 0, 0, 'Fanta', 4, NULL),
(6, 2, 0, 0, 'Coca Cola', 4, NULL),
(7, 2, 0, 0, 'Sprite', 4, NULL),
(8, 1, 0, 0, 'Pepsi', 4, NULL),
(9, 3, 0, 0, 'Budweiser', 4, NULL),
(10, 3, 0, 0, 'Budweiser 66', 4, NULL),
(11, 2, 0, 0, 'Simply', 3, NULL),
(12, 2, 0, 0, 'Surge', 3, NULL),
(13, 2, 0, 0, 'Zico', 4, NULL),
(14, 6, 0, 0, 'Niva', 3, NULL),
(15, 6, 0, 0, '1200/1300', 1, NULL),
(16, 6, 0, 0, '1500', 1, NULL),
(17, 6, 0, 0, '1600', 2, NULL),
(18, 6, 0, 0, 'Oka', 1, NULL),
(19, 6, 0, 0, 'Kalina', 3, NULL),
(20, 6, 0, 0, 'Granta', 3, NULL),
(21, 6, 0, 0, 'Taiga', 3, NULL),
(22, 6, 0, 0, 'Priora', 3, NULL),
(23, 7, 0, 0, 'Tahoe', 4, NULL),
(24, 7, 0, 0, 'Camaro', 5, NULL),
(25, 7, 0, 0, 'Corvette', 5, NULL),
(26, 7, 0, 0, 'Land Cruiser', 5, NULL),
(27, 8, 0, 0, 'Prius', 4, NULL),
(28, 9, 0, 0, 'Maxima', 4, NULL),
(29, 9, 0, 0, 'Cube', 4, NULL);

INSERT INTO CATEGORY_PRODUCT (CategoryId, ProductId) VALUES
(1, 1),
(1, 2),
(1, 3),
(1, 4),
(1, 5),
(1, 6),
(1, 7),
(1, 8),
(1, 9),
(1, 10),
(1, 11),
(1, 12),
(1, 13),
(2, 1),
(2, 2),
(2, 9),
(2, 10),
(3, 3),
(3, 4),
(3, 5),
(3, 6),
(3, 7),
(3, 8),
(3, 9),
(3, 10),
(3, 12),
(4, 14),
(4, 15),
(4, 16),
(4, 17),
(4, 18),
(4, 19),
(4, 20),
(4, 21),
(4, 22),
(4, 23),
(4, 24),
(4, 25),
(4, 26),
(4, 27),
(4, 28),
(5, 14),
(5, 21),
(5, 23),
(5, 26);